Rank,Profile
5,Being a Grandfather; An Interview with Dr. Ralph Opacic by Ralph Opacic - Issuu
7,https://www.imdb.com/name/nm4694296/
9,https://www.youtube.com/channel/UCMuhTrnikudIEA2Fm5PL2Bw
13,"Ralph Opacic - Orange County, CA Patch"
14,https://ralphopacic06.medium.com/equality-and-a-new-vision-for-art-education-the-ralph-opacic-perspective-0cd257cdbf44
15,https://about.me/opacic
17,https://twitter.com/RalphOpacic
19,https://minitubia.fandom.com/wiki/Ralph_Opacic
22,https://dev.to/ralphopacic
23,https://www.slideshare.net/ralphopacic9/dr-ralphopacic-interview
25,https://mastodon.social/@ralphopacic
28,https://community.sydneystartuphub.com/u/ralph-opacic
30,https://www.f6s.com/member/ralph-opacic
31,
41,https://start.me/p/QLRGR5/ralph-opacic-founder-california
42,https://vimeo.com/900200217
43,https://github.com/Ralphopacic
48,
49,https://fliphtml5.com/emgih/zkry/Ralph_Opacic%E2%80%99s_Joy_of_Being_a_Grandfather_of_Eight/
54,https://www.deviantart.com/ralphopacic/art/Ralph-Opacic-1008596179
55,https://www.scribd.com/document/704878869/The-Ralph-Opacic-Perspective-on-Equality-and-a-New-Vision-for-Art-Education